{"cameraMode":{"drawMode":0,"name":"Shaded","section":"Shading Mode"},"sceneLighting":true,"audioPlay":false,"sceneViewState":{"m_AlwaysRefresh":false,"showFog":true,"showSkybox":true,"showFlares":true,"showImageEffects":true,"showParticleSystems":true,"showVisualEffectGraphs":true,"m_FxEnabled":true},"in2DMode":false,"pivot":{"x":97.00647735595703,"y":-52.301334381103519,"z":145.92709350585938},"rotation":{"x":-0.21215073764324189,"y":-0.23735183477401734,"z":0.053205009549856189,"w":-0.9464973211288452},"size":74.13177490234375,"orthographic":false}