{"cameraMode":{"drawMode":0,"name":"Shaded","section":"Shading Mode"},"sceneLighting":true,"audioPlay":false,"sceneViewState":{"m_AlwaysRefresh":false,"showFog":true,"showSkybox":true,"showFlares":true,"showImageEffects":true,"showParticleSystems":true,"showVisualEffectGraphs":true,"m_FxEnabled":true},"in2DMode":false,"pivot":{"x":552.8097534179688,"y":101.49264526367188,"z":188.82862854003907},"rotation":{"x":-0.1718779355287552,"y":0.49876445531845095,"z":-0.10160894691944123,"w":-0.8435267210006714},"size":19.341712951660158,"orthographic":false}