{"cameraMode":{"drawMode":0,"name":"Shaded","section":"Shading Mode"},"sceneLighting":true,"audioPlay":false,"sceneViewState":{"m_AlwaysRefresh":false,"showFog":true,"showSkybox":true,"showFlares":true,"showImageEffects":true,"showParticleSystems":true,"showVisualEffectGraphs":true,"m_FxEnabled":true},"in2DMode":false,"pivot":{"x":558.9142456054688,"y":103.14552307128906,"z":174.36740112304688},"rotation":{"x":0.038358237594366077,"y":-0.6630247235298157,"z":0.03404569625854492,"w":0.7468588352203369},"size":17.403179168701173,"orthographic":false}